MAE,RMSE,Pearson,MDA
20.417955700408246,31.05122878345818,0.762275430425608,0.4774096385542169
